station_code,sta_lat,sta_lon
N2OHR,14.5875,36.4485
HU.RBN,14.219000000000001,45.50516666666667
HU.TNK,14.412666666666667,44.88016666666667
HU.TOI,14.2455,44.29683333333333
HU.HRK,14.624833333333333,43.4885
HU.NBT,14.753333333333332,43.650166666666664
HU.RUS,14.927,44.16683333333334
HU.URH,14.57,43.036833333333334
HU.MYR,14.633500000000002,42.39683333333333
HU.MUJ,14.465333333333334,42.305166666666665
HU.HIC,14.488166666666666,42.9785
HU.HAM,14.245999999999999,43.75516666666667
HU.HSS,14.2455,42.971833333333336
HU.SKB,14.532833333333333,43.3085
HU.OKT,14.555666666666667,42.26683333333333
HU.ESH,14.174166666666666,41.91683333333333
HU.MOS,14.579333333333333,41.5785
HU.MSK,14.347166666666666,43.1235
HU.SRK,14.024000000000001,41.530166666666666
HU.TMU,14.530666666666667,43.356833333333334
HU.OKS,14.678333333333333,42.22683333333334
HU.RBS,14.201166666666666,45.3785
HU.TUR,14.331166666666666,44.56183333333333
HU.AIB,14.525666666666666,43.99183333333333
HU.KNP,14.608166666666666,43.87683333333333
HU.SYJ,14.183,43.511833333333335
HU.AKK,14.756333333333334,43.04183333333333
HU.IWN,14.542333333333334,42.73016666666666
HU.KMU,14.546833333333332,42.3135
HU.MSN,14.420833333333333,42.50683333333333
HU.STD,14.2945,43.596833333333336
HU.AKA,14.231666666666667,43.371833333333335
HU.IMG,14.140333333333333,42.47683333333333
HU.KIW,14.615833333333333,42.16683333333333
HU.KKJ,14.022333333333334,41.900166666666664
HU.GAM,14.0285,41.6235
HU.TES,14.7655,43.50683333333333
HU.OON,14.138833333333334,41.966833333333334
HU.NMR,14.9715,43.375166666666665
HU.ERM,14.653333333333332,42.026833333333336
HU.MSR,14.454333333333333,44.3685
HU.ODT,14.895,43.591833333333334
HU.HTU,15.008166666666666,43.27516666666667
HU.MED,14.275333333333334,43.2485
HU.NKN,14.309333333333333,43.1685
HU.STZ,14.327666666666666,43.00683333333333
HU.KMI,14.684166666666668,42.15683333333333
HU.ASA,14.476166666666666,44.140166666666666
HU.NNB,14.235833333333332,42.51183333333333
HU.NTK,14.5355,42.3985
HU.TKD,14.514166666666666,43.2885
M.KOB1,14.761166666666666,41.720166666666664
M.KOB2,14.8895,42.0085
M.KOB3,14.877333333333333,42.2785
HU.NIT,14.7195,43.62683333333334
HU.KUT,14.705166666666665,43.606833333333334
HU2MSR,14.452,44.3685
HU2MSN,14.421333333333333,42.500166666666665
HU.MDD,14.846,43.723499999999994
HU3MSN,14.518333333333334,42.5685
HU.MSU,14.727166666666667,43.59016666666666
HU.NUK,14.541166666666667,43.37016666666667
HU.MUD,14.432,42.478500000000004
HU.NER,14.415833333333333,44.92183333333333
HU2MOS,14.5815,41.59016666666667
HU2RUS,14.926166666666667,44.161833333333334
HU2NUK,14.543333333333335,43.511833333333335
HU2ODT,14.895,43.60183333333333
HU.MTD,14.544666666666666,41.6285
HU.STN,14.422166666666667,44.87683333333333
TU.OGA,14.6755,39.9085
TU.NIB,14.110166666666668,39.86683333333333
TU.HOJ,14.020666666666667,39.426833333333335
TU.SNR,14.3235,39.18683333333333
TU.KWT,14.1565,38.8085
TU.TB2,14.603333333333333,39.33016666666666
TU.YMZ,14.0945,37.02183333333333
TU.IWK,14.127833333333333,37.29516666666667
HR.MMA,14.11,41.261833333333335
HR.HRD,14.173666666666666,40.618500000000004
TU.KG2,14.278333333333334,39.441833333333335
TU.SKT,14.696666666666667,38.95016666666666
TU.HS5,14.296666666666667,40.5485
TU.MR3,14.122333333333334,38.63016666666667
TU.MY3,14.393333333333333,39.68183333333334
TU.FUT,14.062166666666668,40.2935
TU.SAW,14.1685,39.4585
TU.HMK,14.256166666666667,39.8585
TU.ATM,14.708666666666668,38.578500000000005
TU.KMF,14.097166666666666,38.3385
TU.SBT,14.6505,37.98516666666667
TU.KTA,14.142000000000001,37.81683333333333
TU.KNY,14.605500000000001,37.43183333333333
TU.MAI,14.6715,37.25516666666667
HR.TMR,14.250499999999999,41.1085
TU.SAD,14.385833333333332,38.34516666666667
TU.WYG,14.286333333333333,38.8235
TU.FD2,14.2715,40.1185
TU.FKU,14.661666666666667,40.6435
TU.HD3,14.281333333333333,41.36683333333333
TU.IW3,14.110833333333334,39.60183333333333
TU.EN3,14.314333333333334,38.5285
TU.SWU,14.189,39.540166666666664
HR.IWS,14.706833333333334,40.58683333333334
TU.HSK,14.296166666666666,40.54683333333333
TU.MYK,14.397333333333334,39.676833333333335
TU.AOB,14.0935,38.25516666666667
E.SOB1,14.589166666666667,39.16683333333333
E.SOB2,14.567666666666666,39.23016666666667
E.SOB3,14.531333333333334,39.35183333333333
TU.GJM,14.1125,39.9985
TU.TAZ,14.201,39.743500000000004
TU.KSN,14.246666666666666,39.06516666666667
TU.SN3,14.330333333333332,39.20183333333333
TU.KN5,14.299333333333333,38.3635
TU.NSK,14.092,39.86183333333334
TU.DIT,14.288666666666666,39.19016666666666
TU.KRS,14.316833333333333,39.411833333333334
TU.AT2,14.7085,38.621833333333335
LG.SBG,14.289333333333333,40.710166666666666
LG.UTB,14.200833333333334,40.525166666666664
LG.OAT,14.199,40.746833333333335
LG.IKM,14.233333333333334,41.4835
LG.NKD,14.309000000000001,40.4985
E.IMT1,14.1205,39.1985
E.IMT2,14.237,39.11683333333333
E.IMT3,14.105333333333334,38.886833333333335
TU.UGI,14.134500000000001,38.84016666666666
TU.GNY,14.116,38.94683333333334
TU.GTO,14.157833333333334,39.29516666666667
TU.ISB,14.155166666666668,39.261833333333335
E.TAIW,14.1165,38.47016666666667
HU.P01,14.254,39.90516666666667
KU.PKU,14.225,38.7235
DP.HIZ,14.232166666666666,38.92683333333333
NU.TP1,14.3575,39.71516666666667
TU5KNQ,14.299333333333333,38.3635
HR2HRD,14.174,40.63183333333333
TU.AO5,14.094333333333333,38.27183333333333
TU2KNY,14.605666666666668,37.43683333333333
N.TYO,14.112166666666667,36.1385
N.ISS,14.534666666666666,36.44183333333333
N.NGO,14.471,37.52183333333333
N.ANJ,14.223333333333333,35.0685
N.HAZ,14.272333333333332,34.835166666666666
N.HOU,14.341,35.00183333333333
N.KSG,14.134666666666666,35.4285
N.SYK,14.197833333333334,36.2035
N.TKR,14.585333333333335,35.8285
N.TKN,14.126333333333333,34.93683333333333
N.NUK,14.316,34.94016666666666
N.TYH,14.256833333333333,34.7935
N.TKT,14.193999999999999,35.5385
N.YOK,14.156333333333333,35.000166666666665
N.OYM,14.1335,34.911833333333334
N.WAT,14.136666666666667,34.38183333333333
N.FRK,14.215,36.3485
N.ASH,14.270499999999998,35.243500000000004
N.KGI,14.223666666666666,35.3585
N.NEO,14.1635,35.775166666666664
N.URS,14.069166666666666,34.67183333333333
GI.OMA,14.410333333333332,34.6335
M.HOBS,14.574666666666666,35.030166666666666
DP.TDO,14.557333333333332,37.4385
DP.OJK,14.554166666666667,37.31016666666667
DP.YMK,14.502333333333333,37.34016666666666
DP.OSK,14.222833333333334,36.19683333333333
OK.KOM,14.533,35.25183333333334
OK.OWD,14.518666666666666,35.3635
OK.KIN,14.510666666666667,35.386833333333335
OK.MHK,14.5315,35.335166666666666
OK.KZR,14.581833333333332,35.3085
OK.KZY,14.5315,35.3385
OK.TNM,14.590166666666667,35.38183333333333
OK.SSN,14.525333333333332,35.27016666666667
E.AKIS,14.2315,37.3785
E.ATRG,14.209666666666667,37.25183333333333
KU.MUY,14.153166666666666,37.45516666666667
KU.MSD,14.132333333333333,37.29183333333333
E.NSYM,14.538666666666666,37.47016666666667
GS.ICU,14.138,33.90183333333333
GI.TSK,14.09,36.106833333333334
GS.MYM,14.0315,34.22516666666667
GS.TYS,14.224666666666666,35.106833333333334
GS.ITA,14.162833333333332,34.48016666666667
GS.ANO,14.101666666666667,34.82183333333333
OK.YGW,14.589833333333333,35.31516666666666
NU.MUR,14.258999999999999,35.901833333333336
NU2NGR,14.317666666666666,35.988499999999995
GS.NSZ,14.272333333333332,34.9435
GS3MYM,14.031666666666666,34.22516666666667
DP.YKE,14.283333333333333,36.3335
DP2FMJ,14.227,36.55683333333333
E3DDR,14.539833333333332,36.030166666666666
DP2AMJ,14.192666666666666,36.290166666666664
E2ASI,14.266833333333333,36.2035
E2MTU,14.253166666666667,36.53183333333333
E.YUOS,14.211166666666665,37.6485
E.IDES,14.2765,37.500166666666665
DP.ABU,13.953999999999999,34.981833333333334
DP.TNJ,13.894,35.04516666666667
DP.WTJ,13.931833333333334,35.305166666666665
DP.KGM,13.996333333333334,35.17516666666666
DP.OHM,14.0805,35.27016666666666
DP.KTN,13.935833333333333,34.8485
DP.IKD,13.690166666666666,34.180166666666665
DP.ISI,13.822166666666666,34.155166666666666
DP.SNT,13.684333333333333,35.536833333333334
DP.OYT,13.879833333333334,35.40016666666667
DP.MZT,13.808666666666666,35.048500000000004
DP.TTT,13.751833333333334,35.5285
DP.QMT,13.5965,35.16683333333334
DP.KMJ,14.052666666666667,36.375166666666665
DP.KAJ,14.075166666666668,36.0685
DP.AZJ,14.171,35.603500000000004
DP.HKJ,14.059666666666665,36.00683333333333
DP.KTJ,14.3405,36.430166666666665
DP.NRJ,14.251833333333334,36.66016666666667
DP.NNJ,14.212,36.99183333333333
DP.HRJ,14.304666666666666,37.4085
DP.MYO,14.001000000000001,35.03516666666666
DP.YGI,13.892333333333333,35.1135
DP.KHK,14.042833333333332,35.30683333333333
DP.BHO,13.953333333333333,35.3785
DP.UJT,13.988166666666666,34.87016666666667
DP.RKO,13.982333333333333,34.77016666666667
DP.KMN,13.819833333333333,33.8485
DP.SON,13.734333333333332,34.25183333333333
DP.KYT,13.731166666666667,35.5235
DP.CZT,13.807666666666666,35.32683333333333
DP.HMT,13.874,35.346833333333336
DP.IZT,13.8015,35.0535
DP.TRT,13.548833333333334,35.1535
DP.FKJ,14.1205,36.2235
DP.MHJ,14.059333333333333,35.536833333333334
DP.IMJ,14.149999999999999,35.8135
DP.AMJ,14.191833333333333,36.27183333333333
DP.FMJ,14.226666666666667,36.55683333333333
DP.AHJ,14.309333333333333,36.981833333333334
E.MSK,13.4525,33.470166666666664
E.FTG,13.316166666666668,33.593500000000006
KC.MUT,13.690833333333334,33.400166666666664
KC.KUB,13.616166666666667,33.286833333333334
GS.IKH,13.813666666666666,34.6385
GS.TKZ,14.016333333333334,34.85850000000001
GS.NGR,14.0125,34.4235
GS.BND,13.730666666666666,34.24516666666667
DP.TOS,13.863666666666667,34.69683333333333
E.OIC,13.998166666666666,34.12016666666667
E.HNM,13.897166666666667,33.905166666666666
E.SRT,13.967,34.2835
E.SHR,13.939333333333334,33.78183333333333
E.MJY,13.8605,33.84683333333333
E.NKR,13.553666666666667,35.04183333333333
E.SHK,13.411333333333333,34.56183333333333
E.HJO,13.546166666666666,34.08183333333333
KC.IHR,13.6685,33.76349999999999
KC.UMJ,13.710999999999999,33.695166666666665
KC.AKR,13.686166666666667,33.67183333333333
E.HGU,13.995333333333333,33.911833333333334
M.MOB1,13.802499999999998,32.433499999999995
M.MOB2,13.728,32.74683333333333
DP2KTN,13.930333333333333,34.8835
DP2MZT,13.811166666666667,35.05016666666667
DP.MYG,14.202666666666667,36.4735
DP.TYJ,14.355833333333333,36.6385
KC.DOI,13.594833333333334,34.091833333333334
DP2ABU,13.952666666666666,34.97016666666667
E.WKME,13.997833333333334,34.29183333333333
E.KKW,13.9795,33.941833333333335
E.ARD,13.992333333333335,34.14183333333334
E.KZG,13.992166666666668,33.6035
E.OZK,13.866333333333333,34.2785
E.KRS,13.973666666666666,34.478500000000004
E.NGA,13.499333333333334,33.56683333333333
KC.AOU,13.668,33.90683333333333
KC.WMY,13.5745,33.74016666666667
DP.KRT,13.837833333333332,35.563500000000005
DP2KRT,13.843,35.57016666666667
GS.TNN,13.895166666666666,34.74183333333333
GS.KRY,13.981166666666667,34.651833333333336
GS.HTS,14.102833333333333,35.19683333333333
GS.ING,13.907666666666668,34.95016666666667
GS.YST,13.824833333333334,35.0035
GS.HNO,13.9375,35.24683333333333
GS.OHR,14.052666666666667,35.2035
DP2OYT,13.878166666666667,35.4435
DP2IMJ,14.149666666666665,35.8135
M2MOB1,13.804166666666665,32.45016666666666
DP2RKO,13.856166666666667,34.780166666666666
GS.HGM,13.965166666666667,33.8735
GS.TSS,13.559,32.7585
GS.UWA,13.515666666666666,33.40683333333333
GS.MRT,13.822999999999999,33.3035
GS.KST,13.9195,33.551833333333335
GS.MAT,13.473,33.923500000000004
GS.KOC,13.649166666666668,33.5535
GS.ANK,13.8215,34.0085
GS.SSK,13.672666666666668,33.44683333333333
KU.OMT,13.153666666666666,33.07183333333334
KU.NMZ,13.688666666666666,32.73683333333334
KU.TAI,13.119666666666667,33.26016666666667
KU.TKD,13.254333333333333,32.82683333333334
KU.USB,13.025666666666666,32.2635
KU.SBR,13.103166666666667,33.55683333333333
KU.STO,13.217333333333334,32.35516666666667
KU.FUK,13.4905,32.728500000000004
G.YOSM,13.134166666666667,32.161833333333334
G.SIBI,13.050333333333333,32.015166666666666
KU.MSK,13.225166666666667,32.8235
KU.TMO,13.032666666666668,32.636833333333335
KU.KMP,13.172666666666668,32.846833333333336
KU.ITK,13.171666666666667,32.540166666666664
KU.SMT,13.161000000000001,32.57683333333333
KU.SGS,13.271833333333333,33.37016666666667
KU.NKT,13.323,33.50183333333334
KU.HIR,13.69,33.496833333333335
KU.KTK,13.084666666666667,33.8335
G.KOSK,13.591333333333333,31.7235
G.TKAO,13.248333333333333,31.980166666666666
G.CHOY,13.108500000000001,31.426833333333335
G.NAGT,13.110833333333334,30.476833333333335
G.KUSM,13.328333333333333,31.573500000000003
G.SATA,13.223666666666666,31.186833333333333
G.KURO,13.670666666666667,30.880166666666664
G.TKAK,13.183,31.6585
KU.NMO,13.687,32.731833333333334
KU.FKS,13.139166666666668,33.81183333333333
KU.FKK,13.071333333333333,33.6385
DP.AIN,13.0695,33.8585
KU.FKG,13.086333333333334,33.73016666666666
KU2FKS,13.141,33.820166666666665
E.KWRK,13.14,32.94683333333333
E.KMZK,13.2085,32.665166666666664
KU.KSG,13.178333333333333,33.555166666666665
KU.FHH,13.161999999999999,33.67016666666667
KU.NOK,13.153666666666668,33.658500000000004
N.FRNH,14.374166666666667,43.39683333333333
N.SFSH,14.408666666666667,45.3635
N.SFNH,14.451833333333333,45.346833333333336
N.FGSH,14.411000000000001,43.7985
N.FGNH,14.492666666666667,43.8935
N.NUMH,14.356333333333334,43.853500000000004
N.SMPH,14.5395,43.106833333333334
N.OREH,14.378666666666666,44.22683333333334
N.ORWH,14.354333333333333,44.1035
N.WNEH,14.297333333333333,45.353500000000004
N.WNWH,14.35,45.28183333333333
N.TSOH,14.341833333333334,44.9985
N.HNBH,14.412833333333333,45.01683333333333
N.EBTH,14.385333333333332,44.6585
N.HONH,14.492666666666667,44.4035
N.HOCH,14.474666666666668,44.26016666666667
N.HOSH,14.459166666666667,44.1435
N.NYRH,14.439,44.47683333333333
N.SWWH,14.513666666666666,44.371833333333335
N.BFEH,14.456999999999999,44.558499999999995
N.BFWH,14.455833333333333,44.53183333333334
N.BFNH,14.487,44.7235
N.SWEH,14.499,44.356833333333334
N.TYRH,14.570333333333334,42.9135
N.HBTH,14.668666666666667,43.1635
N.MMRH,14.560333333333332,42.970166666666664
N.AYEH,14.648333333333333,43.52183333333333
N.RKBH,14.583,43.4835
N.AYWH,14.631666666666666,43.3085
N.TKIH,14.652,42.515166666666666
N.SKSH,14.501,43.238499999999995
N.OPWH,14.526333333333334,44.4835
N.SRMH,14.695500000000001,44.2135
N.MMBH,14.709,44.0435
N.SYSH,14.874166666666666,44.02183333333333
N.STKH,14.586166666666667,43.993500000000004
N.BHRH,14.700333333333333,43.7785
N.OKEH,14.56,43.651833333333336
N.RBSH,14.651333333333334,43.8185
N.KMZH,14.824,43.91683333333334
N.SYNH,14.91,44.1935
N.YBNH,14.670166666666667,44.346833333333336
N.OPEH,14.590666666666667,44.3935
N.OUMH,14.427666666666665,44.62683333333333
N.TUNH,14.576666666666666,44.27016666666666
N.TUSH,14.511166666666666,44.246833333333335
N.SNSH,14.734166666666667,43.00683333333333
N.NSTH,14.883166666666666,43.558499999999995
N.BKEH,14.955666666666668,43.5285
N.BKWH,14.868833333333333,43.45016666666667
N.ANSH,14.789499999999999,43.24183333333333
N.TRSH,14.844166666666666,43.1585
N.TREH,14.795166666666667,43.250166666666665
N.TRWH,14.7505,43.30683333333333
N.ANNH,14.751,43.46183333333333
N.SCSH,14.747,43.3385
N.SCNH,14.8445,43.3985
N.SNNH,14.643666666666666,43.253499999999995
N.STNH,14.858,43.801833333333335
N.STSH,14.8785,43.77183333333333
N.MSAH,14.3145,43.35016666666667
N.SSTH,14.369,43.2535
N.TOBH,14.300333333333333,43.48683333333333
N.BREH,14.438666666666666,42.761833333333335
N.MBEH,14.3855,42.6835
N.BRWH,14.413,42.731833333333334
N.KYMH,14.373,43.13683333333333
N.SUGH,14.325666666666667,43.6385
N.YUBH,14.341833333333334,43.08016666666667
N.NCPH,14.427999999999999,42.72683333333334
N.SZNH,14.390500000000001,42.4985
N.SOIH,14.216333333333333,42.6785
N.CTSH,14.3565,42.930166666666665
N.AMAH,14.280833333333334,42.786833333333334
N.OIWH,14.385833333333332,42.9385
N.HOBH,14.461833333333335,42.9135
N.MBWH,14.371500000000001,42.62683333333333
N.BEEH,14.484,43.5385
N.BEWH,14.424000000000001,43.6135
N.NFRH,14.407833333333333,43.39183333333333
N.HTBH,14.464,45.10183333333333
N.ONPH,14.4375,44.845166666666664
N.UNSH,14.487166666666667,44.8335
N.UNNH,14.520166666666666,44.92016666666667
N.NTBH,14.408,44.98683333333333
N.NAWH,14.386166666666668,44.76683333333333
N.TYTH,14.349833333333333,45.118500000000004
N.WNNH,14.301666666666666,45.533500000000004
N.WSMH,14.466666666666667,44.0535
N.HNKH,14.950166666666668,43.283500000000004
N.SHZH,14.466333333333333,42.941833333333335
N.SKNH,14.528166666666666,43.33683333333334
N.KKAH,14.499,43.89683333333333
N.SAMH,14.499666666666666,42.280166666666666
N.FBRH,14.172833333333333,43.24183333333333
N.TOMH,14.051333333333334,43.083499999999994
N.AGWH,14.219833333333334,43.091833333333334
N.MRRH,14.168333333333333,42.51683333333333
N.CCNH,14.2225,42.95183333333333
N.KYOH,14.172,43.0585
N.RNKH,14.183166666666667,42.9585
N.MKRH,14.208333333333334,42.88016666666667
N.KMBH,14.226666666666667,42.780166666666666
N.KMNH,14.184166666666666,42.70516666666667
N.TURH,14.215,42.71516666666667
N.OHTH,14.231,42.776833333333336
N.SMMH,14.155666666666667,42.89683333333333
N.KAIH,14.183166666666667,41.8735
N.SRUH,14.120666666666667,41.72683333333334
N.KHYH,14.717833333333333,42.50183333333334
N.KUMH,14.004,42.1435
N.ASBH,14.158333333333335,42.0085
N.KSRF,14.851833333333333,43.12016666666667
N.NOPF,14.521666666666667,44.368500000000004
N.SNDH,14.246833333333335,38.300333333333334
N.KGSH,14.1785,39.32866666666666
N.SMTH,14.257499999999999,39.30866666666667
N.KMIH,14.389999999999999,39.342
N.ICEH,14.168,38.99033333333333
N.ICWH,14.113166666666666,39.090333333333334
N.FSWH,14.217833333333333,39.00366666666667
N.RZTH,14.248666666666667,39.157
N.KJSH,14.278666666666666,40.112
N.HMNH,14.166833333333333,39.50866666666667
N.TOUH,14.318166666666666,39.340333333333334
N.NHEH,14.209,40.28366666666667
N.NHWH,14.1875,40.362
N.YHBH,14.2595,39.748666666666665
N.KJNH,14.349833333333333,40.287
N.KRMH,14.2875,40.30533333333333
N.KHEH,14.291166666666665,40.18366666666667
N.IHEH,14.208166666666667,40.212
N.IWZH,14.368666666666666,39.82033333333333
N.TROH,14.325333333333333,39.83533333333333
N.KANH,14.314333333333334,39.742
N.KASH,14.244166666666667,39.580333333333336
N.YMDH,14.350333333333333,39.53366666666667
N.HMSH,14.213999999999999,39.43366666666667
N.SZKH,14.1965,39.737
N.TMYH,14.249333333333333,39.900333333333336
N.ASRH,14.202833333333334,40.192
N.KZMH,14.265833333333333,39.998666666666665
N.IWNH,14.094166666666668,38.23366666666667
N.YMMH,14.142333333333333,38.01199999999999
N.TOWH,14.342,38.81033333333333
N.NRKH,14.201333333333334,38.937000000000005
N.TAJH,14.237666666666666,38.657000000000004
N.ONDH,14.180333333333333,38.69366666666667
N.KKWH,14.354333333333333,38.957
N.SISH,14.152666666666667,38.092
N.KWSH,14.1905,38.302
N.YGTH,14.107666666666667,38.29033333333333
N.TDOH,14.0805,38.392
N.NKEH,14.124833333333333,38.507
N.NKWH,14.741666666666667,38.410333333333334
N.YWTH,14.033333333333333,39.002
N.ASAH,14.660666666666666,38.50366666666667
N.TCKH,14.0055,38.657
N.TZWH,14.028,38.89866666666667
N.FGTH,14.074333333333334,38.807
N.MGMH,14.104666666666667,38.832
N.KMYH,14.147833333333335,38.21366666666667
N.THTH,14.033666666666667,38.08366666666667
N.YNZH,14.027833333333334,38.010333333333335
N.NYOH,14.155333333333333,38.135333333333335
N.ONIH,14.701666666666666,38.032000000000004
N.KWAH,14.1075,39.733666666666664
N.GJOH,14.072166666666668,40.05533333333333
N.YJMH,14.128333333333334,39.27366666666667
N.CHKH,14.168500000000002,39.11866666666667
N.FSTH,14.084166666666668,40.33866666666667
N.OGAH,14.662333333333333,40.00366666666667
N.NSEH,14.161666666666667,39.62533333333333
N.NSBH,14.048166666666667,39.65033333333333
N.NSNH,14.129000000000001,39.946999999999996
N.NSSH,14.122166666666667,39.78366666666667
N.OMRH,14.086833333333333,39.39866666666667
N.HNRH,14.112833333333333,39.24033333333333
N.YUZH,14.171,39.26199999999999
N.OGCH,14.195166666666667,39.102000000000004
N.ODTH,14.131166666666667,40.302
N.TSRH,14.159666666666666,40.355333333333334
N.ANIH,14.107166666666666,40.11866666666667
N.KOSH,14.089500000000001,40.51366666666667
N.KZNH,14.208333333333334,40.172
N.AOMH,14.075833333333334,40.873666666666665
N.HHEH,14.311833333333333,40.69366666666667
N.TWEH,14.321333333333333,40.597
N.NHJH,14.27,40.91366666666667
N.RKSH,14.240499999999999,41.11366666666667
N.SAIH,14.106666666666667,41.44866666666667
N.KUCH,14.239666666666666,41.24033333333333
N.OOMH,14.162666666666667,41.623666666666665
N.TTKH,14.181166666666666,40.412
N.NWAH,14.203999999999999,40.592
N.TWWH,14.245000000000001,40.70033333333334
N.SHGH,14.258999999999999,40.57366666666667
N.AJSH,14.162166666666668,40.86866666666667
N.FKUH,14.023333333333333,40.852000000000004
N.KRIH,14.214666666666668,40.692
N.IKIH,14.049666666666667,40.650333333333336
N.OWNH,14.1065,40.492000000000004
N.NYAH,14.122666666666667,40.68866666666666
N.KRYH,14.126333333333333,37.38033333333333
N.MRUH,14.088000000000001,37.54366666666667
N.IWWH,14.135333333333334,37.102000000000004
N.FKSH,14.076666666666666,37.892
N.HTAH,14.120333333333335,37.21866666666667
N.YBKH,14.038666666666666,37.207
N.NGUH,14.093,37.266999999999996
N.IWEH,14.220166666666668,37.11366666666667
N.NNMH,14.064333333333334,37.422
N.MKJH,14.122666666666666,37.50366666666667
N.NMEH,14.237166666666667,37.562
N.KMAH,14.147333333333334,37.787
N.INAH,14.569833333333333,37.22366666666667
N.TDMH,14.664666666666665,37.422000000000004
N.HMTH,14.5755,37.10366666666667
N.SMGH,14.6225,37.29366666666667
N.ATKH,14.632166666666667,37.867000000000004
N.TSTH,14.653333333333332,37.678666666666665
N.NAZH,14.615,37.815333333333335
N.INWH,14.0235,37.762
N.ATDH,14.712666666666667,37.45866666666667
N.KAKH,14.208833333333333,38.65866666666667
N.SZGH,14.309333333333333,38.717
N.ICGH,14.161166666666666,39.06366666666667
N.YZMH,14.087833333333332,39.04866666666667
N.IW2H,14.114,39.095333333333336
N.MSRH,14.284333333333333,38.843666666666664
N.RIFH,14.205166666666667,38.400333333333336
N.TYSF,14.309833333333334,39.472
N.GJMF,14.111333333333333,40.00533333333333
N.HROF,14.127666666666666,37.297000000000004
N.KSKF,14.133333333333335,38.33533333333333
N.KSNF,14.246833333333333,39.062000000000005
N.MMAF,14.110666666666667,41.26866666666667
N.TMRF,14.249833333333333,41.117000000000004
N.OBMH,13.96,35.52366666666667
N.MIKH,13.952666666666666,35.637
N.TRGH,14.030333333333333,35.690333333333335
N.TKHH,14.0175,35.557
N.IZUH,14.099,36.01533333333333
N.TBTH,14.190666666666667,36.78033333333333
N.OKCH,14.116666666666667,36.266999999999996
N.SHKH,14.220666666666666,37.083666666666666
N.AMZH,14.218833333333334,37.27366666666667
N.UCUH,14.260333333333334,37.458666666666666
N.YGDH,14.208,37.49366666666667
N.TGIH,14.117666666666667,37.251999999999995
N.SUZH,14.301,37.617
N.TOGH,14.205833333333333,36.507
N.UOZH,14.3355,36.86366666666667
N.MSTH,14.275833333333333,36.292
N.TKSH,14.4325,36.30866666666667
N.MMKH,14.513,35.997
N.TKGH,14.293333333333333,35.64366666666667
N.HRYH,14.342833333333333,35.39533333333333
N.KSOH,14.3335,36.082
N.EIHH,14.061666666666667,36.205333333333336
N.OTAH,14.055666666666667,36.083666666666666
N.KNZH,14.185666666666668,36.650333333333336
N.IMIH,14.208333333333334,36.637
N.YTOH,14.326166666666666,36.612
N.DMOH,14.2045,36.842000000000006
N.HIMH,14.177666666666667,36.917
N.TOYH,14.279166666666667,36.84366666666667
N.NKNH,14.409166666666668,36.832
N.FMIH,14.4885,36.056999999999995
N.HMAH,14.100166666666667,35.36866666666666
N.JHKH,14.055833333333334,36.49033333333333
N.OWSH,14.018833333333333,34.187
N.MGWH,14.179333333333332,34.43033333333334
N.SMAH,14.221666666666666,34.29366666666667
N.MASH,14.053333333333335,34.623666666666665
N.KHOH,14.080166666666667,33.89366666666667
N.GNOH,14.1245,34.87366666666667
N.ISGH,14.738666666666667,36.21033333333334
N.IWSH,14.140166666666667,36.402
N.SMNH,14.4625,36.257
N.TMOH,14.504333333333333,36.312
N.TAYH,14.490166666666665,36.663666666666664
N.TUMH,14.407666666666666,36.567
N.TNEH,14.560333333333332,36.84866666666667
N.KWTH,14.639333333333333,36.232
N.KIZH,14.550333333333333,36.15866666666667
N.AWNH,14.665333333333335,36.55866666666667
N.UJEH,14.734166666666667,36.80866666666666
N.UMYH,14.613666666666667,36.64533333333333
N.HGAH,14.075,36.681999999999995
N.IICH,14.669333333333332,36.78366666666667
N.BTOH,14.028166666666667,36.742000000000004
N.YITH,14.586333333333334,36.97533333333333
N.OTWH,14.0225,36.928666666666665
N.KYEH,14.695833333333335,37.028666666666666
N.KYWH,14.653333333333332,37.017
N.TWAH,14.664833333333334,37.708666666666666
N.SKWH,14.592666666666668,38.262
N.AHIH,14.598666666666668,38.398666666666664
N.ARKH,14.629166666666666,38.277
N.SROH,14.628666666666666,38.06033333333333
N.MUIH,14.5785,37.083666666666666
N.YNTH,14.5655,37.28866666666667
N.SZWH,14.4355,37.153666666666666
N.KWNH,14.477333333333334,37.22866666666666
N.KMOH,14.567666666666666,37.677
N.IGWH,14.264666666666667,36.97866666666666
N.MAKH,14.43,37.093666666666664
N.MKOH,14.442666666666666,37.02533333333333
N.YZWH,14.518166666666668,36.913666666666664
N.KMKH,14.564833333333333,37.638666666666666
N.MRMH,14.610833333333332,37.80866666666667
N.STDH,14.627833333333333,37.586999999999996
N.TTNH,14.347166666666666,36.08866666666667
N.CHNH,14.368166666666667,36.06533333333333
N.KOKH,14.238333333333333,36.47866666666667
N.YOTH,14.263,35.51533333333333
N.KYSH,14.100833333333334,35.227000000000004
N.MKGH,14.43,36.91866666666667
N.NGRH,14.6485,36.01866666666667
N.HYKH,14.515833333333333,35.577
N.SKUH,14.113333333333333,35.63366666666667
N.INSH,14.378333333333334,34.84366666666667
N.ARIH,14.277,34.76199999999999
N.FKRH,14.32,34.898666666666664
N.ATMH,14.208499999999999,34.75866666666667
N.ASHH,14.270499999999998,35.24366666666667
N.NUKH,14.316,34.93866666666666
N.TYHH,14.256833333333333,34.79366666666667
N.HOUH,14.341,35.002
N.HAZH,14.272333333333332,34.833666666666666
N.ANJH,14.2235,35.068666666666665
N.TKNH,14.126333333333333,34.937
N.KGIH,14.223666666666666,35.358666666666664
N.YOKH,14.156333333333333,34.998666666666665
N.OYMH,14.1335,34.912
N.URSH,14.069166666666666,34.67033333333333
N.WATH,14.136666666666667,34.382
N.NEOH,14.163333333333334,35.775333333333336
N.FRKH,14.215,36.34866666666667
N.SYKH,14.197833333333334,36.20366666666666
N.TKTH,14.193833333333334,35.538666666666664
N.KSGH,14.134666666666666,35.428666666666665
N.YMTH,14.212166666666667,35.97366666666667
N.NGOH,14.471,37.522
N.TYOH,14.112166666666667,36.138666666666666
N.TBYH,14.594333333333335,36.342
N.ATGH,14.553833333333333,35.440333333333335
N.CBAH,14.091666666666667,35.65866666666666
N.EDSH,14.180166666666668,35.972
N.FUTH,14.605333333333334,35.44533333333334
N.HDKH,14.584333333333333,36.04033333333333
N.ISSH,14.534666666666666,36.443666666666665
N.MOKH,14.700833333333334,36.55866666666666
N.NRTH,14.148000000000001,35.957
N.NSHH,14.467333333333334,35.74533333333333
N.SHMH,14.020666666666667,35.917
N.TKRH,14.585333333333335,35.82866666666666
N.YKHH,14.569500000000001,35.642
N.YROH,14.152833333333334,35.317
N.DGOH,14.168166666666668,36.86866666666667
N.THGH,14.125,36.90533333333333
N.JUOH,14.098333333333334,36.772
N.GZNH,14.151333333333334,36.617
N.YMAH,14.097666666666667,36.705333333333336
N.OGOH,14.5525,36.123666666666665
N.MNAH,14.599333333333334,36.11533333333334
N.TOIH,14.569166666666666,36.11366666666667
N.HHNH,14.622666666666666,35.987
N.CH2H,14.222999999999999,35.742000000000004
N.TY2H,14.6885,35.042
N.HOJH,14.614999999999998,35.702
N.HH2H,14.6275,35.717000000000006
N.FJOH,14.628333333333334,35.737
N.YM2H,14.543666666666667,35.42366666666666
N.MTDH,14.626,35.513666666666666
N.KIYH,14.564666666666666,35.57866666666667
N.HYNH,14.491999999999999,35.552
N.OOKH,14.561,35.697
N.MSFH,14.482333333333333,35.67366666666666
N.MBUH,14.453666666666667,35.35866666666667
N.HMMH,14.310833333333335,34.68366666666667
N.SONH,14.380666666666666,35.37033333333333
N.MS2H,14.334833333333334,35.28366666666667
N.KNEH,14.41,34.998666666666665
N.TT2H,14.2575,35.087
N.SOSH,14.386000000000001,35.147
N.SZUH,14.457666666666666,35.25366666666667
N.ITHH,14.5855,35.067
N.FJEH,14.384166666666665,35.042
N.SBKH,14.449166666666667,35.22866666666667
N.KNIH,14.561166666666667,35.10366666666667
N.NS2H,14.505666666666666,34.93866666666666
N.KWZH,14.553333333333333,34.932
N.MIZH,14.417333333333334,34.748666666666665
N.SAKH,14.433666666666666,36.22533333333333
N.KADH,14.311666666666667,36.07366666666666
N.KWKH,14.467833333333333,36.035333333333334
N.AGMH,14.284,35.82033333333333
N.INHH,14.340333333333334,35.965333333333334
N.HSEH,14.415666666666667,35.897
N.NGIH,14.327166666666667,35.657000000000004
N.MTKH,14.296333333333333,35.752
N.MSNH,14.3435,35.437
N.SRWH,14.147833333333335,36.343666666666664
N.KTRH,14.234,36.39366666666667
N.TMAH,14.2375,36.138666666666666
N.ASNH,14.2105,36.190333333333335
N.TSUH,14.123166666666668,35.96366666666667
N.MZEH,14.316166666666666,36.042
N.ASSH,14.257333333333333,36.067
N.GR2H,14.269833333333333,35.942
N.MNMH,14.211833333333335,35.815333333333335
N.KAYH,14.272,35.681999999999995
N.ITDH,14.184666666666667,35.785333333333334
N.HSKH,14.335333333333333,35.702
N.TNMH,14.162666666666667,35.56366666666666
N.KMHH,14.126333333333333,35.522
N.MKMH,14.170666666666666,35.477000000000004
N.NTGH,14.337333333333333,35.522000000000006
N.KIDH,14.173166666666667,35.403666666666666
N.NGKH,14.213999999999999,35.192
N.ASUH,14.202499999999999,35.192
N.STRH,14.251666666666667,35.193666666666665
N.TYEH,14.293500000000002,35.19033333333333
N.OKZH,14.254333333333333,35.08533333333334
N.TDEH,14.277999999999999,34.962
N.SSRH,14.354333333333333,35.027
N.MCTH,14.188500000000001,34.802
N.THNH,14.306,34.803666666666665
N.KMDH,14.480666666666668,36.61366666666667
N.SSSH,14.381166666666667,36.67033333333334
N.TGKH,14.429666666666668,36.775333333333336
N.NZWH,14.474166666666667,37.001999999999995
N.NGWH,14.251500000000002,36.19033333333333
N.SOJH,14.3555,36.13366666666667
N.MMOH,14.4065,36.32866666666666
N.IKSH,14.380333333333333,36.54866666666667
N.OM2H,14.386833333333334,36.677
N.HOTH,14.386833333333334,36.523666666666664
N.KGRH,14.164000000000001,36.11366666666667
N.HTKH,14.169833333333335,36.482
N.TU2H,14.550833333333333,35.61533333333333
N.SZJH,14.496166666666666,35.057
N.SMSH,14.525666666666668,35.03866666666667
N.KMWH,14.714833333333335,35.18366666666667
N.KT2H,14.039833333333334,35.21366666666666
N.HBAH,14.264833333333334,36.833666666666666
N.TSKH,14.089333333333334,36.337
N.YKSH,14.591,35.43366666666667
N.FJ2H,14.592166666666666,37.00366666666667
N.KNAH,14.496166666666666,36.24033333333333
N.MYTH,14.530000000000001,36.45866666666667
N.KKKH,14.487833333333333,35.67366666666666
N.MN2H,14.562666666666667,36.970333333333336
N.NMZH,14.426499999999999,35.25866666666666
N.SSNH,14.540166666666668,35.40533333333333
N.FJMH,14.477166666666665,35.263666666666666
N.HTNH,14.391,35.32866666666666
N.SMYH,14.329166666666667,35.09866666666667
N.TOEH,14.287500000000001,35.21366666666667
N.ASOH,14.661333333333333,36.64366666666667
N.YSTH,14.052833333333334,36.30866666666667
N.CHSH,14.101666666666667,35.757000000000005
N.IWKH,14.617833333333333,35.11533333333333
N.KTUH,14.115666666666668,35.303666666666665
N.AKWH,14.664833333333332,35.582
N.ASGH,14.524666666666667,35.31866666666667
N.HRTH,14.658833333333332,35.35366666666667
N.KRKH,14.615666666666666,35.54366666666667
N.MNZH,14.65,35.25866666666666
N.YMKH,14.559333333333333,35.553666666666665
N.HCJH,14.589666666666668,33.172000000000004
N.KHZH,14.635333333333334,34.343666666666664
N.MKEH,14.556000000000001,34.192
N.GERH,14.318833333333334,35.857
N.KSHH,14.272499999999999,35.358666666666664
N.ACHH,14.301666666666668,35.587
N.OMCH,14.290500000000002,36.597
N.ASYH,14.403666666666668,35.687
N.ENZH,14.535166666666667,35.792
N.SMBH,14.513666666666667,35.43866666666666
N.TR2H,14.467166666666666,35.653666666666666
N.ABNH,14.248000000000001,34.775333333333336
N.HDAH,14.535,34.97866666666667
N.HD2H,14.5355,34.97866666666667
N.HKWH,14.4685,35.217000000000006
N.HMOH,14.489500000000001,34.642
N.HTSH,14.518666666666666,35.11866666666666
N.ITOH,14.637833333333333,34.972
N.JIZH,14.577,35.062
N.KGWH,14.352500000000001,35.00866666666667
N.MKBH,14.227500000000001,34.85033333333333
N.MSKH,14.3525,35.331999999999994
N.NRYH,14.543,35.181999999999995
N.NSIH,14.534166666666668,34.85366666666666
N.OHSH,14.345666666666668,34.708666666666666
N.OKBH,14.434,34.982
N.SIZH,14.51,35.247
N.SMDH,14.5145,34.80866666666667
N.TNRH,14.298833333333333,35.010333333333335
N.MDRH,14.671833333333332,36.582
N.HA2H,14.132333333333333,35.93366666666667
N.KF2H,14.448666666666666,35.822
N.KMTH,14.398,35.182
N.MRIH,14.359,34.952
N.SUMH,14.457,35.22366666666667
N.TATH,14.3635,35.050333333333334
N.KIBH,14.204333333333334,37.00866666666667
N.MORH,14.0015,36.052
N.NMTH,14.130500000000001,36.50366666666667
N.MOTH,14.063333333333334,36.617
N.OHRH,14.587666666666667,36.44866666666667
N.HRNH,14.436499999999999,36.582
N.IWTH,14.634833333333333,36.04033333333333
N.YMIH,14.636333333333333,36.05866666666667
N.CKRH,14.695833333333335,35.007000000000005
N.ICHH,14.023666666666667,35.442
N.MINH,14.737666666666668,35.152
N.YKIH,14.0555,35.76866666666667
N.FCHH,14.670333333333334,35.68866666666666
N.HHRH,14.573166666666667,35.785333333333334
N.KOTH,14.7125,35.71366666666667
N.NJMH,14.632833333333332,34.486999999999995
N.HRMH,14.576166666666666,35.592
N.ODWH,14.604166666666666,35.273666666666664
N.YSKH,14.596333333333334,35.31033333333334
N.SDMH,14.457166666666666,35.87533333333334
N.KGNH,14.3855,35.800333333333334
N.SSWH,14.463000000000001,36.18866666666667
N.TRUH,14.524166666666666,35.638666666666666
N.YFTH,14.668333333333335,35.400333333333336
N.MAZH,14.369666666666667,36.218666666666664
N.SNBH,14.358166666666667,36.583666666666666
N.AHMH,14.373833333333334,36.437
N.MNYH,14.345500000000001,36.336999999999996
N.MANH,14.350000000000001,36.427
N.HSNH,14.060666666666668,35.69366666666667
N.SSGH,14.473333333333334,36.083666666666666
N.SUYH,14.397,36.072
N.TONH,14.408333333333333,36.167
N.HQSH,14.4815,35.92366666666666
N.NRSH,14.420666666666667,35.85366666666667
N.HQNH,14.447666666666667,35.852000000000004
N.WMZH,14.157833333333333,37.357
N.MWDH,14.330666666666666,36.31866666666667
N.ATYH,14.355666666666666,36.336999999999996
N.AAKH,14.337,36.427
N.AC2H,14.301333333333334,35.587
N.KMSH,14.099666666666666,35.132000000000005
N.HKKH,14.276,36.74033333333333
N.OSTH,14.382333333333333,36.767
N.OMYH,14.285833333333333,36.480333333333334
N.CHHH,14.354166666666668,36.422
N.IIDH,14.339166666666667,35.58866666666666
N.OTNH,14.3205,36.888666666666666
N.KHTH,14.290666666666667,36.70533333333333
N.TBSH,14.105,36.11366666666667
N.HYMH,14.661000000000001,35.373666666666665
N.HT2H,14.5185,35.117
N.KG3H,14.350833333333334,34.968666666666664
N.KI2H,14.204500000000001,37.00866666666667
N.SSAH,14.054666666666668,35.76533333333334
N.TK2H,14.231666666666666,35.007
N.TO2H,14.569333333333333,36.11866666666667
N.AOGF,14.674,32.45866666666667
N.HJOF,14.702333333333334,33.14866666666667
N.OSWF,14.3795,27.233666666666664
N.ASIF,14.620666666666667,36.642
N.JIZF,14.577166666666667,34.916999999999994
N.KNMF,14.194833333333333,35.71866666666667
N.KZKF,14.397666666666666,37.427
N.SBTF,14.650166666666667,37.98366666666667
N.SGNF,14.527666666666667,35.597
N.YMZF,14.0945,37.016999999999996
N.SRNF,14.180333333333333,36.21866666666667
N.KZSF,14.6485,34.257000000000005
N.TSKF,14.089833333333333,36.342000000000006
N.KNHH,13.923,34.77883333333333
N.TJRH,13.966999999999999,34.527166666666666
N.TISH,14.044166666666666,34.59883333333333
N.KTNH,13.938500000000001,34.8805
N.SSMH,13.928666666666667,33.60883333333333
N.NKTH,13.945166666666665,33.67216666666667
N.OTOH,13.978666666666665,33.79883333333333
N.KTDH,13.973,33.74383333333333
N.HRKH,13.8955,34.103833333333334
N.HNZH,13.920166666666667,34.173833333333334
N.NKMH,14.007666666666667,34.26383333333333
N.NAGH,13.981666666666667,34.37883333333334
N.WKYH,13.905000000000001,34.317166666666665
N.MHRH,13.860833333333332,34.387166666666666
N.SSYH,13.9645,35.10883333333334
N.KAMH,13.820333333333334,35.10716666666667
N.KKGH,13.874666666666666,34.81716666666667
N.YMSH,13.736833333333333,35.17216666666667
N.NKOH,13.79,35.07216666666667
N.HAGH,13.740333333333334,35.243833333333335
N.KMGH,13.845,35.0455
N.AIOH,13.846333333333332,34.88383333333333
N.TJOH,13.917666666666667,34.982166666666664
N.SGRH,14.031666666666666,34.880500000000005
N.TAGH,14.059833333333334,35.283833333333334
N.OTUH,13.9505,35.38216666666667
N.YZEH,14.051166666666667,34.71383333333333
N.HYSH,14.029333333333334,34.48716666666667
N.TKWH,14.032166666666667,33.96716666666667
N.TKEH,13.940666666666665,33.99216666666667
N.KAWH,14.002166666666668,34.375499999999995
N.KRTH,13.920166666666667,34.36216666666667
N.TAMH,13.640500000000001,34.5705
N.SETH,13.736833333333333,34.75216666666667
N.OKYH,13.689,34.883833333333335
N.MABH,13.586166666666667,34.728833333333334
N.MIHH,13.523666666666667,34.43716666666667
N.DWAH,13.531333333333333,34.68216666666667
N.SJOH,13.534,34.0005
N.TBRH,13.565833333333334,33.923833333333334
N.KWBH,13.481333333333334,33.522166666666664
N.TSMH,13.4385,33.107166666666664
N.HIYH,13.531333333333334,33.34883333333334
N.SINH,13.699666666666667,34.05383333333333
N.TBEH,13.5365,33.81216666666667
N.SGOH,13.666833333333335,35.19383333333333
N.TTAH,13.6055,35.00383333333333
N.BSEH,13.578333333333335,34.75716666666666
N.HKBH,13.6705,34.96383333333333
N.TKBH,13.602666666666668,34.883833333333335
N.SYOH,13.782833333333333,35.13216666666667
N.KSBH,13.676333333333334,35.427166666666665
N.OHAH,13.835666666666667,35.24883333333334
N.YBRH,13.5765,35.30883333333333
N.HNSH,13.791,34.83383333333334
N.AYKH,13.699333333333334,34.23716666666667
N.MNOH,13.608166666666666,34.330499999999994
N.OOTH,13.44,32.913833333333336
N.TSYH,13.5725,33.283833333333334
N.NAKH,13.535666666666666,33.15383333333334
N.GHKH,13.564166666666667,33.77883333333334
N.KTGH,13.786333333333333,33.622166666666665
N.IKKH,13.644333333333334,33.772166666666664
N.HNOH,14.110999999999999,35.08883333333333
N.MITH,13.3735,34.790499999999994
N.HIKH,13.345500000000001,34.6255
N.MICH,13.309166666666666,34.453833333333336
N.HSMH,13.523,34.89716666666667
N.KNGH,13.386,34.88883333333333
N.GOTH,13.490166666666667,35.08716666666667
N.IWAH,13.454166666666667,35.00216666666667
N.NITH,13.585666666666667,35.2855
N.YSDH,13.439166666666667,35.283833333333334
N.SDAH,13.455666666666668,35.29383333333333
N.OOCH,13.414166666666667,35.16883333333334
N.HIRH,13.534166666666668,35.50883333333333
N.HKTH,13.610333333333335,35.41383333333333
N.MHSH,13.650333333333334,35.62883333333333
N.HWSH,13.866,33.85216666666667
N.SADH,13.7585,34.11216666666667
N.KYDH,13.796166666666666,33.978833333333334
N.MZKH,13.691833333333333,35.40383333333333
N.HINH,13.590833333333332,35.36383333333333
N.AKSH,13.680666666666667,35.46716666666667
N.CHZH,13.734,35.353833333333334
N.SGUH,13.759,35.06383333333333
N.SNTH,13.823833333333333,35.37716666666667
N.SKIH,13.4945,34.4855
N.KURH,13.5245,34.33383333333333
N.GEIH,13.412666666666667,34.872166666666665
N.KSAH,13.535666666666666,34.71716666666667
N.MIGH,13.6375,34.533833333333334
N.KTWH,13.495666666666667,35.037166666666664
N.NMKH,13.549333333333333,34.4855
N.KNBH,13.617833333333333,34.61716666666666
N.INMH,13.901,33.90216666666667
N.YNDH,13.501666666666667,33.58883333333333
N.NDGH,13.957666666666666,35.59383333333333
N.INEH,13.933,35.80383333333334
N.FKCH,13.967,35.43383333333333
N.MYMH,13.934166666666666,35.2855
N.KSMH,13.873333333333333,35.658833333333334
N.IZSH,13.778833333333333,35.523833333333336
N.IAMH,13.709333333333333,35.62883333333334
N.JNSH,13.517333333333335,34.8755
N.HRSH,13.462833333333334,34.7105
N.IKTH,13.490499999999999,33.51883333333333
N.SSKH,13.636666666666667,33.4705
N.AMNH,13.860166666666668,35.81383333333333
N.KMEH,14.018,35.16883333333333
N.TRIH,13.9375,34.593833333333336
N.MROH,13.812,35.49716666666667
N.KWHH,13.7155,35.497166666666665
N.SKGH,13.648666666666667,35.49883333333334
N.KSIH,13.522666666666666,35.582166666666666
N.KACH,13.482166666666666,35.42216666666667
N.OKMH,13.439666666666668,34.2905
N.KRHH,13.388666666666666,34.262166666666666
N.YSHH,13.402166666666668,34.77883333333333
N.TGUH,13.416,34.61716666666667
N.HISH,13.424000000000001,34.522166666666664
N.HHIH,13.525666666666668,34.52216666666667
N.MKIH,13.814833333333333,34.3005
N.OHCH,13.821,34.313833333333335
N.MYKH,13.558166666666667,34.26883333333333
N.OOZH,13.484499999999999,33.70716666666667
N.UWAH,13.388833333333332,33.5205
N.TOKH,13.750333333333334,34.052166666666665
N.KNNH,13.832333333333333,33.77883333333333
N.TSSH,13.555166666666667,32.897166666666664
N.KHUH,13.724333333333334,33.74883333333333
N.INOH,13.638833333333332,33.66383333333333
N.MURH,13.827,33.317166666666665
N.MISH,13.449,33.41883333333333
N.UUMH,13.840833333333334,34.52216666666667
N.IKWH,13.643333333333334,34.14716666666667
N.GSIH,13.719166666666666,33.64383333333333
N.MTYH,13.626000000000001,33.79383333333333
N.KMMH,13.9795,35.03216666666667
N.OSKH,13.903166666666666,34.85883333333334
N.KYTH,13.963666666666667,35.093833333333336
N.ABUF,13.953999999999999,34.9855
N.KIKH,13.217333333333332,34.24883333333334
N.MNEH,13.309999999999999,34.21216666666667
N.NGTH,13.193666666666667,34.408833333333334
N.TKJH,13.2525,34.29216666666667
N.MTOH,13.226333333333333,34.22716666666667
N.TYUH,13.182333333333334,34.148833333333336
N.MTMH,13.3495,34.48716666666667
N.TMGH,13.234833333333333,34.707166666666666
N.IKNH,13.459333333333333,34.24216666666666
N.SYTH,13.396,34.1205
N.MKWH,13.411,34.32383333333333
N.UBEH,13.317833333333333,34.04383333333333
N.HOFH,13.278333333333334,34.19383333333333
N.KIGH,13.2495,32.82216666666666
N.TGOH,13.331,32.457166666666666
N.MRTH,13.2015,32.53216666666667
N.SBAH,13.270999999999999,32.55383333333334
N.KWMH,13.247333333333334,32.33216666666667
N.NANH,13.2835,32.4705
N.GKSH,13.242333333333333,32.68716666666666
N.NRAH,13.211333333333334,32.33716666666666
N.MJNH,13.195333333333334,31.993833333333335
N.KTMH,13.306666666666667,32.06883333333333
N.SDWH,13.336666666666666,32.05883333333333
N.SUKH,13.228499999999999,32.122166666666665
N.NCNH,13.217666666666666,31.698833333333333
N.MJSH,13.245833333333334,31.852166666666665
N.ASVH,13.186499999999999,32.96383333333333
N.KHKH,13.094833333333334,33.188833333333335
N.OGNH,13.2295,33.1705
N.NMNH,13.237333333333334,33.00383333333333
N.HKSH,13.267666666666667,32.91383333333333
N.YABH,13.191833333333333,32.652166666666666
N.ASKH,13.127666666666668,32.368833333333335
N.IZMH,13.154666666666667,32.552166666666665
N.UWEH,13.159666666666666,32.258833333333335
N.HYOH,13.137,32.25216666666667
N.SNWH,13.031166666666667,32.45216666666666
N.KKCH,13.23,33.13216666666667
N.MSMH,13.108333333333334,32.68383333333333
N.IMRH,13.629833333333334,33.40716666666667
N.CZEH,13.637666666666668,33.5805
N.SRIH,13.104833333333334,33.305499999999995
N.FJIH,13.082833333333333,33.49883333333333
N.HSFH,13.104833333333334,33.50216666666667
N.AKNH,13.057666666666668,32.0905
N.OSUH,13.246833333333335,31.668833333333335
N.NSMH,13.119166666666667,32.20383333333333
N.KORH,13.159333333333333,31.838833333333334
N.KDIH,13.195833333333333,31.898833333333332
N.SATH,13.098833333333333,31.147166666666667
N.YKWH,13.168333333333335,31.267166666666665
N.MYJH,13.143833333333333,32.11216666666667
N.SENH,13.060166666666667,31.873833333333334
N.CRNH,13.133333333333333,31.44216666666667
N.AIRH,13.164833333333334,31.8405
N.YGNH,13.199333333333334,33.522166666666664
N.AKIH,13.2525,33.53216666666667
N.YMGH,13.3095,33.53216666666667
N.SNIH,13.213999999999999,33.25716666666667
N.TAKH,13.264999999999999,33.027166666666666
N.NTHH,13.258666666666667,33.1755
N.UMEH,13.245333333333333,32.98716666666667
N.SIKH,13.286166666666666,33.02883333333333
N.MIEH,13.304833333333333,33.0205
N.UMWH,13.252333333333333,32.89216666666667
N.SBNH,13.665166666666666,33.32216666666667
N.TKKH,13.140833333333333,33.00383333333333
N.SBSH,13.710166666666666,33.207166666666666
N.HRDH,13.635333333333334,33.31716666666667
N.KKIH,13.702666666666666,33.00383333333333
N.NGSH,13.6125,32.84883333333333
N.WKMH,13.146333333333335,33.81383333333333
N.KAHH,13.145166666666666,33.56216666666666
N.KIWH,13.2285,33.603833333333334
N.TARH,13.185500000000001,33.37383333333334
N.SGWH,13.200333333333333,33.64383333333333
N.BZNH,13.301499999999999,33.6755
N.UMIH,13.099833333333335,33.658833333333334
N.KKYH,13.2295,33.90383333333333
N.TYNH,13.152166666666666,32.64383333333333
N.MMTH,13.064666666666666,32.20383333333333
N.HYGH,13.306000000000001,32.50383333333333
N.UCNH,13.254333333333333,31.333833333333335
N.GENH,13.093166666666667,33.85216666666667
N.HGIH,13.244,34.52883333333333
N.TKUH,13.381499999999999,34.0255
N.KNSH,13.437333333333333,33.910500000000006
N.TOHH,13.438,34.04216666666667
N.UKHH,13.217,33.342166666666664
N.KKEH,13.2285,33.29383333333333
N.MSIH,13.219833333333334,32.91716666666667
N.TMNH,13.110833333333334,33.023833333333336
N.NOBH,13.2625,32.5605
N.KYAH,13.104166666666668,31.4055
N.AS2H,13.173833333333333,33.03216666666667
N.AMMF,13.650166666666665,28.222166666666666
N.IZHF,13.556666666666665,34.158833333333334
N.KYKF,13.109833333333333,30.482166666666668
N.STMF,13.623666666666667,32.9205
N.YNGF,12.507,24.500666666666667
N.IGKF,12.695500000000001,24.519
N.KGMF,13.398666666666667,26.817333333333334
N.ZMMF,13.320500000000001,26.378999999999998
JSAPPO,14.345,43.150666666666666
JHAKOD,14.153333333333332,41.81733333333334
JMORI,14.118333333333334,42.16733333333333
JESASH,14.125,41.884
JOTARU,14.184999999999999,43.184
JKUTCH,14.158333333333333,42.91733333333333
JSUTTS,14.073333333333334,42.900666666666666
JIWAMI,14.351666666666667,43.334
JASAHI,14.403333333333334,43.81733333333333
JHABOR,14.268333333333333,44.484
JRUMOI,14.35,44.050666666666665
JWAKKA,14.246666666666666,45.550666666666665
JABASH,14.796666666666667,44.050666666666665
JMOMBE,14.556666666666667,44.45066666666667
JMUROR,14.228333333333333,42.434
JTOMAK,14.263333333333334,42.684
JURAKA,14.511666666666667,42.26733333333333
JOBIHI,14.563333333333334,42.95066666666666
JHIROO,14.666666666666668,42.400666666666666
JKUSHI,14.745,43.01733333333333
JNEMUR,14.969999999999999,43.467333333333336
JAOMOR,14.168333333333333,40.867333333333335
JFUKAU,14.683333333333334,40.76733333333333
JHACHN,14.238333333333333,40.634
JMUTSU,14.228333333333333,41.300666666666665
JMIYAO,14.381666666666666,39.784
JOFUNA,14.281666666666666,39.184
JMORIO,14.331666666666665,39.833999999999996
JISHIN,14.316666666666666,38.534
JSENDA,14.146666666666667,38.367333333333335
JAKITA,14.1,39.734
JSAKAT,14.593333333333334,38.984
JSHINJ,14.161666666666667,38.81733333333333
JYAMAA,14.045,38.31733333333333
JFUKUS,14.171666666666667,37.85066666666667
JSHIRA,14.066666666666668,37.26733333333333
JONAHA,14.146666666666667,36.984
JWAKAM,14.66,37.534
JMITO,14.163333333333334,36.41733333333333
JKAKIO,14.040000000000001,36.25066666666667
JNIKKO,14.55,36.81733333333334
JUTSUN,14.618333333333334,36.550666666666665
JMAEBA,14.561666666666667,36.45066666666666
JKUMAG,14.58,36.150666666666666
JCHICH,14.573333333333334,36.01733333333333
JCHOSH,14.106666666666667,35.800666666666665
JCHIBA,14.096666666666666,35.634
JTATEY,14.615,35.01733333333333
JKATSU,14.161666666666667,35.150666666666666
JTOKYO,14.655,35.75066666666666
JOSHIM,14.563333333333333,34.75066666666667
JMIYAE,14.57,34.184
JHACHJ,14.685,33.150666666666666
JCHIJI,14.3685,27.189
JYOKOH,14.703333333333333,35.50066666666666
JTAKAD,14.43,37.184000000000005
JNIIGA,14.548333333333334,38.034
JAIKAW,14.423333333333334,38.150666666666666
JTOYAM,14.218333333333334,36.80066666666667
JFUSHI,14.219999999999999,36.867333333333335
JWAJIM,14.145000000000001,37.484
JKANAZ,14.185,36.650666666666666
JFUKUI,14.073333333333332,36.11733333333333
JTSURU,14.061666666666667,35.684
JKAWAG,14.493333333333334,35.50066666666667
JKOFU,14.436666666666666,35.66733333333333
JNAGAN,14.375,36.784
JMATSS,14.388666666666666,36.64233333333333
JMATSM,14.386666666666667,36.367333333333335
JKARUI,14.428333333333333,36.41733333333334
JIIDA,14.251666666666667,35.634
JTAKAY,14.27,36.21733333333333
JGIFU,14.161666666666667,35.400666666666666
JAJIRO,14.591666666666667,35.16733333333333
JIROZA,14.426666666666666,34.634
JMISHI,14.51,35.25066666666667
JSHIZU,14.436666666666667,35.05066666666667
JOMAEZ,14.395,34.650666666666666
JHAMAM,14.286666666666667,34.80066666666667
JIRAKO,14.26,34.734
JNAGOY,14.215,35.184
JYOKKA,14.13,35.00066666666666
JTSU,14.07,34.734
JUENO,14.146666666666667,34.800666666666665
JOWASE,14.041666666666666,34.10066666666667
JHIKON,14.093333333333332,35.367333333333335
JMAIZU,14.0,35.45066666666667
JKYOTO,13.963333333333333,35.050666666666665
JOSAKA,13.901666666666666,34.81733333333333
JTOYOO,13.888333333333332,35.56733333333333
JKOBE,13.895,34.81733333333333
JHIMEJ,13.738333333333333,34.900666666666666
JSUMOT,13.821666666666667,34.39066666666667
JNARA,14.06,34.784
JWAKAY,13.996666666666668,34.35066666666667
JSHION,13.993333333333334,33.467333333333336
JTOTTO,13.753333333333334,35.534
JYONAO,13.538333333333334,35.45066666666666
JSAKAI,13.583333333333334,35.650666666666666
JMATSE,13.563333333333333,35.484
JHAMAD,13.398333333333333,34.934
JSAIGO,13.533333333333333,36.25066666666667
JTSUYA,13.674999999999999,35.20066666666666
JOKAYA,13.665000000000001,34.75066666666667
JFUKUY,13.596666666666668,34.484
JHIROS,13.498333333333333,34.434
JKURE,13.431666666666667,34.26733333333333
JTOKUS,13.790000000000001,34.084
JTAKAM,13.719999999999999,34.31733333333334
JTADOT,13.651666666666667,34.367333333333335
JMATSY,13.511666666666667,33.934000000000005
JUWAJI,13.436666666666666,33.31733333333334
JMUROT,13.693333333333333,33.26733333333333
JKOCHI,13.598333333333334,33.584
JSUKUM,13.428333333333335,32.96733333333333
JASHIZ,13.51,32.76733333333333
JHAGI,13.258333333333333,34.550666666666665
JYAMAU,13.323333333333332,34.25066666666667
JSHIMO,13.176666666666668,34.083999999999996
JFUKUO,13.075,33.584
JIIZUK,13.093333333333334,33.684
JSAGA,13.155000000000001,33.400666666666666
JSASEB,13.633333333333333,33.20066666666666
JHIRAD,13.601666666666667,33.45066666666667
JNAGAS,13.618333333333334,32.75066666666667
JUNZEN,13.113333333333333,32.834
JIZUHA,13.641666666666666,34.333999999999996
JFUKUE,13.556666666666667,32.81733333333333
JASOSA,13.24,33.00066666666667
JKUMAM,13.108333333333333,32.934
JHITOY,13.148333333333333,32.25066666666667
JOITA,13.335,33.25066666666667
JHITA,13.18,33.367333333333335
JNOBEO,13.375,32.717333333333336
JMIYAZ,13.281666666666666,31.984
JABURA,13.274666666666667,31.684
JMIYAJ,13.248333333333333,31.850666666666665
JKAGOS,13.100000000000001,31.60066666666667
JMAKUR,13.143333333333334,31.317333333333334
JTANEG,13.241666666666667,30.784000000000002
JYAKUS,13.215,30.417333333333332
JNAZE,13.696666666666667,28.500666666666667
JNAGO,13.383333333333333,26.683999999999997
JNAHA,13.253333333333334,26.267333333333333
JKUMEJ,13.203333333333333,26.384
JMINAM,13.246666666666666,25.950666666666667
JMIYAK,12.959999999999999,24.884
JISHIG,12.83,24.36733333333333
JYONAU,12.51,24.467333333333332
JMORI2,14.138333333333334,42.084
JIIDA2,14.39,35.583999999999996
JSASE2,13.631666666666666,33.184
V.MTBT,14.608500000000001,34.13733333333334
V.MKMT,14.572000000000001,34.19233333333333
V.AKOC,14.68,34.157333333333334
AKIOKA,13.739833333333333,35.470666666666666
V.KSEO,14.633833333333333,34.244
V.KJUA,13.245666666666667,33.13066666666667
V.UNZB,13.1225,32.884
V.UNZH,13.131166666666667,32.884
V.BNDA,14.079833333333333,37.59066666666667
V.NGS,14.118333333333334,37.704
V.YDY,14.0515,37.73233333333333
V.FUJ2,14.460666666666667,35.45733333333334
V.NSUA,14.740666666666668,37.164
V.AZMA,14.1255,37.774
V.ADTA,14.182166666666667,37.764
V.ASMB,14.402166666666666,36.44566666666667
V.MKJA,14.582500000000001,34.239000000000004
V.OSMA,14.586833333333333,34.760666666666665
V.OSMC,14.571333333333333,34.830666666666666
V.FUJK,14.460666666666667,35.45733333333334
V.ONTA,14.362166666666665,35.969
V.KSHA,14.428833333333333,36.78066666666667
V.USAM,14.566,35.00233333333333
V.KIRA,13.121166666666667,31.900666666666666
V.STI1,13.152000000000001,30.827333333333335
V.SWA1,13.6045,29.739
EIGOTB,14.647666666666666,33.189
NAKNOG,14.714,33.069
IRIOMS,12.647,24.432333333333332
MATNAK,14.345500000000001,36.33733333333333
NSHIGA,14.350000000000001,36.42733333333333
KIYOSA,14.751333333333333,43.79566666666666
SHARIF,14.799833333333332,43.88066666666667
HOTAKA,14.373833333333334,36.43733333333333
V.MYCR,14.572666666666667,34.19566666666667
V.MYKO,14.687166666666666,34.117333333333335
V.MYSA,14.611500000000001,34.189
V.MYYA,14.586333333333334,34.150666666666666
AZUMI,14.369666666666667,36.218999999999994
SHINMA,14.358166666666667,36.583999999999996
OWASEN,14.042166666666665,34.10066666666667
AJIRO2,14.591833333333334,35.150666666666666
V.HSMD,14.164333333333333,36.264
V.IWYK,14.209166666666667,39.97566666666667
V.NGS2,14.1155,37.74066666666667
V.KRK,14.219999999999999,39.013999999999996
V.KKOY,14.209166666666668,39.114
V.AAT2,14.816833333333333,43.635666666666665
V.MEAK,14.7115,43.367333333333335
V.TIAE,14.560333333333334,43.760666666666665
V.TKBG,14.5335,43.58733333333333
V.TKOK,14.513833333333332,43.44733333333333
V.TKKH,14.408166666666666,43.47233333333333
V.TANS,14.200999999999999,42.71066666666666
V.KUJG,14.294666666666666,42.56733333333334
V.USSW,14.121500000000001,42.56733333333333
V.HKNS,14.0815,42.19233333333334
V.ESKS,14.3165,41.85066666666666
V.IKSR,14.085500000000001,40.68733333333333
V.AYBN,14.1195,40.05233333333333
V.UMG2,14.2075,39.974000000000004
V.AKHC,14.206833333333334,39.78066666666667
V.CHKN,14.689333333333334,39.242333333333335
V.KRK2,14.218,39.00899999999999
V.ZABD,14.094833333333334,38.172333333333334
V.AZJD,14.106000000000002,37.794000000000004
V.ADNM,14.078000000000001,37.66566666666667
V.BNUR,14.07,37.635666666666665
V.NANM,14.6815,37.169000000000004
V.NSYG,14.607666666666667,36.83733333333333
V.KSAO,14.438666666666666,36.647333333333336
V.AMSO,14.388833333333332,36.419
V.NYK2,14.371500000000001,37.009
V.YKN2,14.290833333333333,36.329
V.NOSM,14.3135,36.242333333333335
V.ONTN,14.220166666666668,35.93233333333333
V.HSNK,14.152833333333334,36.23733333333333
V.FJTR,14.538,35.48233333333334
V.HNNN,14.550166666666666,35.36066666666667
V.IVIN,14.584166666666667,35.014
V.OSFT,14.612166666666667,34.85566666666667
V.OSSN,14.610666666666667,34.84733333333333
V.OSKT,14.561,34.885666666666665
V.NIST,14.598666666666666,34.477333333333334
V.KOTJ,14.6485,34.257333333333335
V.MJON,14.564333333333334,34.13066666666667
V.HJNY,14.679499999999999,33.17066666666667
V.AOMT,14.660666666666666,32.470666666666666
V.TGBP,13.317833333333333,33.40566666666667
V.KJA2,13.246333333333334,33.134
V.ASO2,13.24,33.00566666666667
V.UNKN,13.1385,32.818999999999996
V.KITK,13.147,31.915666666666667
V.SKD2,13.1075,31.605666666666668
V.SIMN,13.143666666666668,30.837333333333333
V.SWAN,13.601666666666667,29.705666666666666
V.IOCD,14.323833333333333,24.787333333333333
A.MYGA,14.337666666666665,38.59083333333333
A.MYGB,14.33,38.4525
A.MYGC,14.186,38.53916666666667
A.FKSB,14.223333333333334,37.42916666666667
A.FKSC,14.165666666666667,37.399166666666666
A.ENJJ,14.521166666666668,37.74916666666667
A.OZKU,14.4475,37.4775
A.NGNY,14.5245,37.6425
A.SOTN,14.468666666666666,37.3625
A.HRDA,14.131,41.589166666666664
A.CHOG,14.215333333333334,41.42250000000001
A.WKNS,14.174833333333334,41.2525
A.YNKW,14.213666666666667,41.31916666666667
A.SMFR,14.274166666666666,41.55083333333334
A.TNAB,14.325333333333333,41.44583333333333
A.SGMR,14.264,41.387499999999996
A.SRNK,14.240166666666665,41.20916666666666
A.KRUC,14.2195,40.962500000000006
A.STDJ,14.235000000000001,40.987500000000004
A.HGTZ,14.154,41.12916666666667
A.ASMS,14.124,40.9075
A.NZWA,14.1625,40.755833333333335
A.YNDA,14.101666666666667,40.78916666666667
A.IIZM,14.195833333333333,40.87416666666667
A.STBS,14.176,41.037499999999994
A.TRDT,14.179666666666668,41.215833333333336
A.KKNI,14.094333333333335,41.79916666666667
A.TSRN,14.1415,41.8375
A.KSWN,14.317333333333332,41.857499999999995
A.WKMT,13.075333333333335,32.240833333333335
A.KMMY,13.134333333333334,32.064166666666665
A.KSBC,13.093833333333333,32.12416666666667
A.YUDA,13.086,32.02916666666667
A.TRMR,13.051666666666666,31.967499999999998
A.OZAT,13.173333333333334,31.739166666666666
A.ICHN,13.116166666666667,31.784166666666668
A.URMY,13.187833333333334,31.905833333333334
A.HOKI,13.054166666666667,31.747500000000002
A.FKAG,13.035333333333334,31.524166666666666
A.KTUR,13.131833333333333,31.4225
A.IMTA,13.687,31.8575
A.SATO,13.657166666666667,31.8925
A.KAMO,13.1165,31.974166666666665
A.KUS2,13.108,31.784166666666664
MIYOSH,14.637,35.05083333333333
KIHOKU,14.123666666666665,34.29083333333333
MIYKNA,14.386333333333333,39.667500000000004
NOMOZA,13.698666666666666,32.7775
TT1OBS,14.184666666666667,33.6725
TT2OBS,14.193833333333332,33.7475
TT3OBS,14.264333333333333,33.98083333333334
TT4OBS,14.254833333333334,34.08083333333333
TT5OBS,14.283000000000001,34.2725
HACHJK,14.697666666666667,33.12416666666667
AMAMIN,13.525333333333332,28.32916666666667
NIIJOH,14.624166666666666,34.410833333333336
BEPPUA,13.273833333333332,33.36416666666667
YAKUHI,13.059666666666667,30.27916666666667
TAKARA,13.552999999999999,29.182499999999997
OKIERJ,13.454166666666666,27.462500000000002
NAGOT,13.355500000000001,26.535833333333333
IKEMAJ,12.931,24.9875
IRABU,12.856166666666667,24.9325
ISHIGH,12.827333333333334,24.620833333333334
YONAGK,12.5285,24.4625
OKI2,13.598166666666668,36.35916666666667
GOTSU2,13.390333333333333,35.18583333333333
HAMNAK,14.994166666666667,43.22916666666667
THIROO,14.648833333333334,42.36416666666666
SINHDK,14.5,42.49916666666667
ATSUMA,14.337166666666667,42.6775
SHIPPU,14.284166666666666,43.354166666666664
SETANA,14.626666666666667,42.475833333333334
AOHIGA,14.203999999999999,41.40416666666667
ROKKAS,14.232999999999999,41.07416666666666
HYAKUZ,14.059,40.66916666666666
EDANAR,14.276499999999999,40.2575
SIZUKU,14.202666666666667,39.81583333333334
MOTOYO,14.340499999999999,38.909166666666664
FOSAKI,14.161166666666666,38.6225
KOBUCH,14.332166666666666,38.4075
TOKIWA,14.161333333333333,40.31916666666667
YGYUZA,14.6805,39.1625
ARCADI,14.143666666666666,38.027499999999996
FURUDN,14.111166666666668,37.15916666666667
YAMAUE,14.136833333333334,36.405833333333334
ITAHOR,14.075833333333334,36.10916666666667
SMATSU,14.148333333333333,35.7275
UCHIUR,14.049166666666668,35.247499999999995
TOSIMA,14.638333333333332,34.5875
SIKINE,14.560666666666666,34.347500000000004
MIKURA,14.640666666666668,33.97416666666667
AOGASM,14.663833333333333,32.587500000000006
HATUMA,14.508666666666667,35.03916666666667
FJNAKA,14.4185,35.29083333333333
SINONB,14.402333333333333,34.76083333333333
SSYABE,14.224,35.0425
ICHIAK,14.093,35.32083333333333
MMIHAM,14.025333333333334,33.8425
TENKAW,13.967333333333332,34.3025
KUSIMO,13.990666666666668,33.59916666666666
MIMANA,13.818333333333333,34.134166666666665
KHARUN,13.698833333333333,33.600833333333334
SKAMAE,13.317833333333333,32.9325
HICHIY,13.3535,32.5325
MITANE,13.150500000000001,30.524166666666666
YORONJ,13.483833333333333,27.0975
OGA3,14.706999999999999,39.9475
TAMAG3,13.350333333333335,26.2375
TANIAI,14.1355,35.6875
TANABE,13.994166666666667,33.83583333333333
HAHAJ2,14.359,26.77916666666667
KUIZU3,13.212666666666667,32.69083333333333
MIYKJ3,13.011,24.809166666666666
SHIBET,14.837833333333334,43.85583333333333
OMATSU,14.006833333333333,41.59916666666667
REBUNT,14.231666666666666,45.48416666666667
MSOUMA,14.137333333333334,37.795833333333334
SAGAMI,14.558499999999999,35.619166666666665
SAKAUR,13.431999999999999,35.505833333333335
HAGIMI,13.308,34.9275
MITSUS,13.584833333333334,34.38583333333334
NICHIN,13.242666666666667,31.770833333333332
KDAITO,13.3135,26.095833333333335
AWJNGS,13.819,34.50416666666667
UONUMA,14.5565,37.285833333333336
MIYKE4,14.597666666666667,34.155833333333334
OTAMA2,14.033666666666667,37.649166666666666
CASHIK,14.107666666666667,35.76083333333334
CHONAN,14.085500000000001,35.3925
HANNO2,14.628666666666666,35.895833333333336
ONDO,13.413333333333332,34.30916666666666
IRABU2,12.876999999999999,24.834166666666665
NUMATA,14.573333333333332,36.8525
IRIOMU,12.690666666666667,24.499166666666667
HATER2,12.677833333333334,24.170833333333334
TOKOR2,14.752166666666666,44.13583333333333
AGUNI2,13.255666666666666,26.675833333333333
TSUKUD,14.289833333333332,34.98916666666667
KOUYA2,13.972999999999999,34.2625
M.01DO,14.107000000000001,33.849333333333334
M.02DO,14.198833333333335,33.77433333333333
M.03DO,14.153666666666668,33.786
M.04DO,14.167333333333334,33.781
M.05DO,14.1765,33.57266666666667
M.06DO,14.1715,33.436
M.07DO,14.207166666666666,33.464333333333336
M.08DO,14.203833333333334,33.616
M.09DO,14.231333333333334,33.13433333333333
M.10DO,14.1835,33.08433333333333
M.11DO,14.179,33.032666666666664
M.12DO,14.218833333333333,33.22933333333334
M.13DO,14.090333333333334,33.251000000000005
M.14DO,14.127,33.227666666666664
M.15DO,14.113000000000001,33.382666666666665
M.16DO,14.145833333333334,33.346
M.17DO,14.145,33.501
M.18DO,14.082833333333333,33.411
M.19DO,14.106499999999999,33.55933333333333
M.21DO,14.141666666666666,32.95766666666667
M201DO,13.811499999999999,33.486
M202DO,13.780833333333334,33.394333333333336
M203DO,13.835833333333332,33.391
M204DO,13.738999999999999,33.356
M206DO,13.853166666666667,33.30266666666667
M207DO,13.929666666666668,33.256
M208DO,13.9035,33.351
M209DO,13.991833333333334,33.331
M210DO,13.908166666666666,33.202666666666666
M211DO,13.945500000000001,33.08766666666667
M212DO,13.874666666666666,33.25266666666666
M213DO,13.989,33.24433333333333
M214DO,13.941666666666666,33.159333333333336
M215DO,14.042,33.221
M216DO,13.923499999999999,33.14933333333333
M217DO,13.947666666666667,33.166000000000004
M218DO,14.008000000000001,33.021
M219DO,13.917,32.971
M220DO,14.006666666666668,32.81766666666666
M221DO,13.900333333333334,32.95433333333334
M222DO,13.908333333333333,33.031
M224DO,13.875,32.896
M225DO,13.987166666666667,32.96933333333333
M226DO,13.733333333333334,32.866
M227DO,13.816333333333333,32.78933333333334
M228DO,13.733,32.702666666666666
M229DO,13.799999999999999,32.75266666666666
N.101S,14.220166666666666,36.019333333333336
N.102S,14.243833333333333,35.92433333333334
N.103S,14.361833333333333,35.754333333333335
N.104S,14.320833333333333,35.63766666666667
N.105S,14.3865,35.44766666666666
N.106S,14.285833333333333,35.327666666666666
N.107S,14.306833333333334,35.37433333333333
N.108S,14.256499999999999,35.48766666666667
N.109S,14.323500000000001,35.321000000000005
N.110S,14.218833333333334,35.176
N.111S,14.218166666666667,35.154333333333334
N.112S,14.209166666666667,35.07933333333333
N.113S,14.212666666666667,34.989333333333335
N.114S,14.257333333333333,34.70766666666667
N.115S,14.217833333333333,34.60766666666667
N.116S,14.256833333333333,34.38766666666667
N.117S,14.200833333333332,34.30766666666666
N.118S,14.198333333333332,34.371
N.119S,14.131166666666667,34.31933333333333
N.120S,14.115833333333333,34.342666666666666
N.121S,14.053,34.48266666666667
N.122S,14.090666666666667,34.74433333333333
N.201S,14.251166666666666,37.92933333333333
N.202S,14.355333333333334,37.772666666666666
N.203S,14.381666666666666,37.77433333333334
N.204S,14.480833333333333,37.739333333333335
N.205S,14.507,37.617666666666665
N.206S,14.518333333333333,37.60933333333333
N.207S,14.576666666666668,37.541
N.208S,14.57,37.271
N.209S,14.552166666666666,37.14266666666667
N.210S,14.531166666666667,37.199333333333335
N.211S,14.383166666666666,37.282666666666664
N.212S,14.295666666666667,37.37266666666667
N.213S,14.2875,37.30433333333333
N.214S,14.237,37.202666666666666
N.215S,14.347333333333333,36.84433333333334
N.216S,14.237333333333334,36.771
N.217S,14.2555,36.63766666666667
N.218S,14.477833333333335,36.82433333333333
N.219S,14.472166666666666,36.73766666666667
N.220S,14.499666666666666,36.436
N.221S,14.438666666666666,36.227666666666664
N.222S,14.434666666666667,36.06433333333333
N.223S,14.447166666666668,35.97766666666667
N.224S,14.360999999999999,36.12766666666667
N.225S,14.226166666666666,36.129333333333335
N.226S,14.218833333333334,36.242666666666665
N.301S,14.491166666666667,39.59766666666666
N.302S,14.525166666666667,39.44766666666667
N.303S,14.620666666666667,39.38266666666667
N.304S,14.654333333333334,39.40933333333333
N.305S,14.649833333333333,39.257666666666665
N.306S,14.6805,39.15933333333333
N.307S,14.684666666666667,38.95933333333333
N.308S,14.676833333333333,38.92766666666667
N.309S,14.643666666666666,38.839333333333336
N.310S,14.5545,38.86933333333334
N.311S,14.520666666666667,38.94933333333333
N.312S,14.365,38.91266666666667
N.313S,14.365,38.65266666666667
N.314S,14.3835,38.644333333333336
N.315S,14.421,38.587666666666664
N.316S,14.520333333333333,38.51266666666666
N.317S,14.563833333333333,38.529333333333334
N.318S,14.681,38.36433333333333
N.319S,14.644166666666667,38.14433333333333
N.320S,14.617500000000001,38.062666666666665
N.321S,14.595333333333334,38.01433333333333
N.322S,14.490499999999999,37.989333333333335
N.323S,14.456833333333332,38.121
N.324S,14.417333333333334,38.11933333333333
N.325S,14.312333333333333,38.22266666666667
N.326S,14.273833333333334,38.161
N.401S,14.356166666666665,40.83266666666667
N.402S,14.439,40.96933333333333
N.403S,14.464666666666668,41.157666666666664
N.404S,14.504,41.16266666666667
N.405S,14.613833333333334,41.14433333333333
N.406S,14.648166666666667,41.019333333333336
N.407S,14.674666666666667,41.021
N.408S,14.757166666666667,40.906
N.409S,14.799833333333332,40.57266666666666
N.410S,14.638666666666667,40.577666666666666
N.411S,14.593,40.45433333333333
N.412S,14.5515,40.466
N.413S,14.545,40.547666666666665
N.414S,14.517333333333333,40.67766666666667
N.415S,14.467666666666666,40.684333333333335
N.416S,14.450666666666667,40.446000000000005
N.417S,14.426,40.266
N.418S,14.5055,40.18933333333334
N.419S,14.552833333333332,40.154333333333334
N.420S,14.671000000000001,40.144333333333336
N.421S,14.707166666666668,40.114333333333335
N.422S,14.704666666666668,40.111
N.423S,14.675833333333333,39.81933333333333
N.424S,14.615333333333334,39.68933333333333
N.425S,14.574833333333332,39.827666666666666
N.426S,14.538333333333334,39.796
N.427S,14.423666666666668,39.846000000000004
N.428S,14.374166666666667,39.786
N.501S,14.944833333333333,42.78933333333333
N.502S,14.939666666666668,42.70433333333333
N.503S,14.976666666666667,42.60266666666667
N.504S,14.887333333333332,42.33766666666667
N.505S,14.970333333333334,42.166
N.506S,15.037666666666667,41.891
N.507S,14.9125,41.78766666666667
N.508S,14.931666666666667,41.65266666666667
N.509S,14.821666666666667,41.561
N.510S,14.738333333333333,41.69266666666667
N.511S,14.762166666666666,41.97266666666667
N.512S,14.854166666666666,42.184333333333335
N.513S,14.711166666666665,42.092666666666666
N.514S,14.6945,41.876
N.515S,14.7545,41.61266666666667
N.516S,14.700666666666667,41.44266666666667
N.517S,14.653,41.49433333333334
N.518S,14.626333333333333,41.452666666666666
N.519S,14.551,41.657666666666664
N.520S,14.512,41.696
N.521S,14.402666666666667,41.49933333333333
N.522S,14.3605,41.33933333333333
N.523S,14.292833333333334,40.991
N.601S,15.021166666666666,42.86433333333333
N.602S,15.078,42.70766666666667
N.603S,15.081666666666665,42.19433333333333
N.604S,15.024666666666665,41.80433333333333
N.605S,14.988666666666667,41.41766666666667
N.606S,14.926166666666667,41.04933333333333
N.607S,14.854833333333334,40.561
N.608S,14.875499999999999,40.169333333333334
N.609S,14.785833333333333,39.522666666666666
N.610S,14.808166666666667,39.07266666666667
N.611S,14.820333333333332,38.641
N.612S,14.702333333333332,38.029333333333334
N.613S,14.692333333333334,37.51266666666667
N.614S,14.705666666666668,37.121
N.615S,14.655833333333334,36.64933333333334
N.616S,14.632333333333333,36.212666666666664
N.617S,14.552166666666666,35.745999999999995
N.618S,14.413166666666667,35.31433333333334
N.619S,14.404166666666667,34.81933333333333
N.620S,14.422166666666666,34.35433333333334
N.621S,14.295833333333333,34.06933333333333
N.622S,14.294833333333333,33.952666666666666
N.623S,14.068833333333334,34.04933333333333
N.624S,14.731333333333334,34.27433333333333
N.625S,14.716666666666667,34.69766666666666
W.TATO,12.354833333333332,25.054499999999997
W.NACB,12.311333333333334,24.2395
W.TWGB,12.2465,22.827833333333334
W.SSLB,12.204,23.82616666666667
W.YULB,12.314,23.4745
W.YHNB,12.242333333333333,24.697833333333335
DP2KAJ,14.071666666666667,36.06283333333333
DP2AHJ,14.309,36.9895
DP2SNT,13.684999999999999,35.53783333333333
GS.NHK,13.542333333333334,34.054500000000004
DP.FBK,13.8735,34.98616666666667
KC2AOU,13.669833333333333,33.88283333333333
DP2KHK,14.043666666666667,35.30616666666666
A.SWRA,13.040333333333333,33.627833333333335
A.GNKS,13.082,33.686166666666665
A.ORNS,13.035166666666667,33.896166666666666
A.SIMA,13.151166666666667,33.73116666666667
A.NJFK,13.105166666666667,33.6295
A.QRAG,13.097,33.52616666666667
A.NSTK,13.072666666666667,33.3045
A.OKWA,13.704,33.31783333333334
A.YUHI,13.748333333333333,33.50116666666666
A.NTNO,13.611500000000001,33.549499999999995
A.OGWS,13.649833333333333,33.74783333333333
A.IKIS,13.590166666666667,33.852833333333336
A.MDRS,13.661999999999999,33.65616666666667
A.TKSM,13.669666666666666,33.576166666666666
A.YMSR,13.697166666666666,33.44616666666666
A.SAZA,13.6965,33.4145
A.MKRY,13.698166666666667,33.37116666666667
A.AZOS,13.607666666666667,33.6145
A.UKUS,13.631833333333333,33.351166666666664
A.ENOS,13.547666666666666,33.046166666666664
A.HGTK,13.153,33.381166666666665
A.IZHS,13.606166666666665,34.13783333333333
A.KTSM,13.641166666666667,34.76616666666666
DP2KGM,13.996166666666667,35.17783333333333
KC.IH2,13.668166666666666,33.756166666666665
DP2YGI,13.893166666666666,35.11616666666667
DP3MZT,13.809166666666666,35.054500000000004
V.TKU2,14.122666666666667,39.906333333333336
V.TKYN,13.123166666666668,32.894666666666666
